age,salary,score
21.0,3500.0,88
25.0,4200.0,92
25.333333333333332,5000.0,95
30.0,4233.333333333333,90
