,count,unique,top,freq,mean,std,min,25%,50%,75%,max
Name,8,8,Alice,1,,,,,,,
Age,6.0,,,,32.666666666666664,5.921711464320654,25.0,28.5,32.5,37.25,40.0
Gender,8,2,Female,4,,,,,,,
Salary,7.0,,,,65285.71428571428,10672.61738772462,50000.0,58500.0,65000.0,72500.0,80000.0
Department,8,3,HR,3,,,,,,,
JoiningDate,8,8,2020-01-15,1,,,,,,,
